Cena,Wielkość (m2),Liczba pokoi,Lokalizacja,Do wynajęcia przez,Rodzaj nieruchomości
2500,49,3,Białołęka,Agencja,Mieszkanie
2500,57,3,Żoliborz,Agencja,Mieszkanie
2999,57,3,Mokotów,Właściciel,Mieszkanie
2200,110,4,Wawer,Agencja,Mieszkanie
2500,40,2,Wilanów,Agencja,Mieszkanie
3200,54,3,Wola,Agencja,Mieszkanie
3200,97,3,Praga Południe,Agencja,Mieszkanie
1450,60,2,Targówek,Agencja,Mieszkanie
2300,39,2,Bielany,Agencja,Mieszkanie
1700,50,2,Bielany,,Mieszkanie
3400,69,3,Ursynów,Agencja,Mieszkanie
2900,40,2,Mokotów,Agencja,Mieszkanie
2500,40,2,Śródmieście,Agencja,Mieszkanie
2000,28,1,Ochota,Agencja,Mieszkanie
4600,50,2,Śródmieście,Agencja,Mieszkanie
1990,47,2,Targówek,Agencja,Mieszkanie
2000,30,1,Wola,Agencja,Mieszkanie
2300,51,2,Wola,Agencja,Mieszkanie
1700,28,2,Śródmieście,Agencja,Mieszkanie
3000,65,3,Wola,Agencja,Mieszkanie
3200,55,2,Śródmieście,Agencja,Mieszkanie
5800,71,2,Mokotów,Agencja,Mieszkanie
6500,84,3,Śródmieście,Agencja,Mieszkanie
2250,45,2,Praga Południe,Agencja,Mieszkanie
3500,55,2,Wola,Agencja,Mieszkanie
5000,160,6,Ursus,Agencja,Dom
2700,48,2,Mokotów,Agencja,Mieszkanie
4000,67,3,Śródmieście,Agencja,Mieszkanie
3600,49,2,Żoliborz,Agencja,Mieszkanie
5500,60,2,Śródmieście,Agencja,Mieszkanie
2600,46,2,Wola,Agencja,Mieszkanie
2200,42,2,Żoliborz,Agencja,Mieszkanie
3000,56,2,Wilanów,Agencja,Mieszkanie
2000,50,2,Ursynów,Agencja,Mieszkanie
4100,99,3,Żoliborz,Agencja,Mieszkanie
2650,44,2,Żoliborz,Agencja,Mieszkanie
3000,40,2,Ochota,Agencja,Mieszkanie
2400,57,2,Praga Północ,Agencja,Mieszkanie
1500,47,2,Praga Południe,Agencja,Dom
2040,29,1,Praga Południe,Właściciel,Mieszkanie
1800,50,2,Bielany,Właściciel,Mieszkanie
3450,45,2,Śródmieście,Agencja,Mieszkanie
2200,60,3,Targówek,Agencja,Mieszkanie
2600,40,2,Ochota,Agencja,Mieszkanie
2800,75,3,Ursynów,Agencja,Mieszkanie
3500,50,2,Śródmieście,Agencja,Mieszkanie
5300,80,3,Mokotów,Agencja,Mieszkanie
2100,38,2,Mokotów,Agencja,Mieszkanie
2000,40,2,Praga Południe,Agencja,Mieszkanie
2700,47,2,Mokotów,Agencja,Mieszkanie
2850,47,2,Mokotów,Agencja,Mieszkanie
5000,83,3,Wola,Agencja,Mieszkanie
3500,57,2,Śródmieście,Agencja,Mieszkanie
3000,48,2,Śródmieście,Agencja,Mieszkanie
6000,50,2,Śródmieście,Agencja,Mieszkanie
7500,200,6,Mokotów,Agencja,Dom
3200,57,2,Mokotów,Agencja,Mieszkanie
4300,87,4,Wilanów,Agencja,Mieszkanie
4500,76,3,Wola,Agencja,Mieszkanie
2600,60,3,Targówek,Agencja,Mieszkanie
1850,31,1,Mokotów,Właściciel,Mieszkanie
2726,45,2,Wola,Agencja,Mieszkanie
1600,40,1,Ursynów,Agencja,Mieszkanie
2900,51,2,Śródmieście,Agencja,Mieszkanie
2500,47,2,Włochy,Agencja,Mieszkanie
2500,44,2,Bielany,Agencja,Mieszkanie
2500,38,2,Mokotów,Właściciel,Mieszkanie
3000,45,2,Wola,Agencja,Mieszkanie
4200,64,2,Śródmieście,Agencja,Mieszkanie
3700,63,3,Mokotów,Agencja,Mieszkanie
3000,63,3,Bemowo,Agencja,Mieszkanie
2550,43,2,Mokotów,Agencja,Mieszkanie
2200,52,2,Białołęka,Agencja,Mieszkanie
3200,48,2,Śródmieście,Agencja,Mieszkanie
3200,40,2,Śródmieście,Agencja,Mieszkanie
11000,92,3,Śródmieście,Agencja,Mieszkanie
2000,56,2,Targówek,Agencja,Mieszkanie
7900,108,3,Śródmieście,Agencja,Mieszkanie
4400,57,2,Praga Północ,Agencja,Mieszkanie
2850,54,2,Praga Południe,Agencja,Mieszkanie
2300,43,2,Mokotów,Agencja,Mieszkanie
4800,68,2,Śródmieście,Agencja,Mieszkanie
2200,25,1,Śródmieście,Agencja,Mieszkanie
1800,41,1,Ochota,Właściciel,Mieszkanie
3300,50,2,Mokotów,Agencja,Mieszkanie
3000,50,2,Mokotów,Agencja,Mieszkanie
3000,48,2,Praga Południe,Agencja,Mieszkanie
2870,45,2,Wilanów,Agencja,Mieszkanie
3550,75,3,Ursynów,Agencja,Mieszkanie
4500,90,3,Ochota,Agencja,Mieszkanie
2100,31,1,Ursynów,Agencja,Mieszkanie
3600,60,2,Mokotów,Agencja,Mieszkanie
2800,68,2,Bemowo,Agencja,Mieszkanie
1800,36,1,Bielany,Właściciel,Mieszkanie
22000,375,6,Ochota,Agencja,Dom
3000,40,2,Ochota,Agencja,Mieszkanie
3000,52,2,Mokotów,Agencja,Mieszkanie
2799,55,2,Praga Południe,Właściciel,Mieszkanie
3550,75,3,Ursynów,Agencja,Mieszkanie
2200,40,2,Praga Południe,Agencja,Mieszkanie
4800,90,3,Praga Południe,Agencja,Mieszkanie
3250,53,2,Mokotów,Agencja,Mieszkanie
2590,43,2,Bielany,Właściciel,Mieszkanie
3400,81,3,Ursynów,Agencja,Mieszkanie
2800,40,2,Wola,Agencja,Mieszkanie
5500,86,3,Śródmieście,Agencja,Mieszkanie
2999,51,2,Wola,Agencja,Mieszkanie
3100,56,3,Bielany,Agencja,Mieszkanie
2400,38,2,Praga Północ,Agencja,Mieszkanie
2000,42,2,Praga Południe,Agencja,Mieszkanie
5500,70,3,Śródmieście,Agencja,Mieszkanie
2100,42,2,Mokotów,Agencja,Mieszkanie
2900,47,3,Praga Południe,Agencja,Mieszkanie
6000,95,3,Śródmieście,Agencja,Mieszkanie
2950,45,2,Wilanów,Agencja,Mieszkanie
13000,335,6,Mokotów,Agencja,Dom
28000,420,6,Mokotów,Agencja,Dom
2890,51,2,Wola,Agencja,Mieszkanie
2000,41,2,Śródmieście,Agencja,Mieszkanie
3300,50,3,Mokotów,Agencja,Mieszkanie
2800,42,2,Żoliborz,Agencja,Mieszkanie
7800,180,5,Wilanów,Agencja,Dom
2400,65,2,Mokotów,Właściciel,Mieszkanie
2000,27,2,Śródmieście,Właściciel,Mieszkanie
1990,35,1,Bielany,Agencja,Mieszkanie
2400,27,1,Śródmieście,Agencja,Mieszkanie
2300,36,1,Ochota,Agencja,Mieszkanie
3000,42,2,Wola,Agencja,Mieszkanie
2950,55,3,Mokotów,Agencja,Mieszkanie
2800,44,2,Mokotów,Agencja,Mieszkanie
2500,40,2,Wola,Agencja,Mieszkanie
1850,35,1,Praga Południe,Agencja,Mieszkanie
3500,42,2,Śródmieście,Agencja,Mieszkanie
1100,22,1,Ochota,Właściciel,Mieszkanie
4100,61,3,Praga Południe,Agencja,Mieszkanie
5960,59,3,Śródmieście,Agencja,Mieszkanie
2400,34,2,Wola,Agencja,Mieszkanie
2800,55,2,Śródmieście,Agencja,Mieszkanie
2300,54,2,Mokotów,Agencja,Mieszkanie
2600,53,2,Bielany,Właściciel,Mieszkanie
3000,42,2,Ochota,Agencja,Mieszkanie
6500,82,3,Śródmieście,Agencja,Mieszkanie
4000,60,2,Śródmieście,Agencja,Mieszkanie
2850,42,2,Śródmieście,Agencja,Mieszkanie
2600,50,2,Praga Południe,Właściciel,Mieszkanie
3000,45,2,Śródmieście,Agencja,Mieszkanie
2950,49,2,Ochota,Agencja,Mieszkanie
1950,30,1,Ursynów,Właściciel,Mieszkanie
5900,84,3,Śródmieście,Agencja,Mieszkanie
2700,50,2,Mokotów,Agencja,Mieszkanie
2700,48,2,Praga Południe,Agencja,Mieszkanie
3500,48,2,Mokotów,Agencja,Mieszkanie
1300,20,1,Praga Północ,Agencja,Mieszkanie
2700,40,2,Mokotów,Agencja,Mieszkanie
3300,67,3,Praga Południe,Agencja,Mieszkanie
2100,31,1,Ursynów,Agencja,Mieszkanie
3500,55,2,Śródmieście,Agencja,Mieszkanie
3500,100,3,Wilanów,Agencja,Mieszkanie
6200,83,3,Mokotów,Agencja,Mieszkanie
2680,47,2,Wilanów,Agencja,Mieszkanie
2000,54,2,Śródmieście,Agencja,Mieszkanie
1700,33,1,Ochota,Agencja,Mieszkanie
2300,38,2,Śródmieście,Agencja,Mieszkanie
2400,58,2,Bemowo,Agencja,Mieszkanie
2300,39,2,Mokotów,Agencja,Mieszkanie
2900,47,2,Śródmieście,Agencja,Mieszkanie
2900,46,2,Wola,Agencja,Mieszkanie
2150,33,2,Włochy,Właściciel,Mieszkanie
2200,40,2,Śródmieście,,Mieszkanie
12000,192,4,Mokotów,Agencja,Mieszkanie
2000,44,2,Bielany,Właściciel,Mieszkanie
2000,33,2,Włochy,Agencja,Mieszkanie
2500,38,2,Mokotów,Agencja,Mieszkanie
2800,50,2,Mokotów,Agencja,Mieszkanie
5000,87,3,Śródmieście,Agencja,Mieszkanie
2900,75,2,Bemowo,Agencja,Mieszkanie
2500,57,2,Bielany,Agencja,Mieszkanie
12000,192,4,Mokotów,Agencja,Mieszkanie
3500,42,2,Śródmieście,Agencja,Mieszkanie
4000,46,2,Wola,Agencja,Mieszkanie
1900,50,2,Wilanów,Właściciel,Mieszkanie
5300,80,3,Mokotów,Agencja,Mieszkanie
3000,40,2,Wola,Agencja,Mieszkanie
3500,48,2,Śródmieście,Agencja,Mieszkanie
2900,79,3,Praga Południe,Agencja,Mieszkanie
2750,45,2,Ursynów,Agencja,Mieszkanie
2700,50,2,Praga Południe,Agencja,Mieszkanie
3400,47,2,Śródmieście,Agencja,Mieszkanie
2300,29,1,Śródmieście,Agencja,Mieszkanie
1600,32,1,Praga Południe,Agencja,Mieszkanie
2300,44,2,Wola,Agencja,Mieszkanie
3500,48,2,Śródmieście,Agencja,Mieszkanie
2700,57,3,Mokotów,Właściciel,Mieszkanie
2300,40,2,Mokotów,Właściciel,Mieszkanie
1900,32,1,Ursynów,Agencja,Mieszkanie
2800,38,2,Wola,Agencja,Mieszkanie
2900,49,2,Mokotów,Agencja,Mieszkanie
1900,36,2,Wola,Agencja,Mieszkanie
2500,48,3,Praga Południe,Właściciel,Mieszkanie
4000,74,3,Mokotów,Agencja,Mieszkanie
6500,73,2,Śródmieście,Agencja,Mieszkanie
1750,38,1,Wola,Agencja,Mieszkanie
2400,31,1,Ochota,Agencja,Mieszkanie
2200,49,2,Praga Północ,Agencja,Mieszkanie
2800,52,2,Ursynów,Agencja,Mieszkanie
3200,74,3,Mokotów,Agencja,Mieszkanie
2400,67,3,Targówek,Agencja,Mieszkanie
4300,60,3,Śródmieście,Agencja,Mieszkanie
1750,21,1,Ochota,Właściciel,Mieszkanie
2400,53,2,Mokotów,Agencja,Mieszkanie
2200,46,2,Ochota,Właściciel,Mieszkanie
1500,35,1,Wilanów,Agencja,Mieszkanie
2200,40,2,Śródmieście,,Mieszkanie
3400,54,2,Mokotów,Agencja,Mieszkanie
3350,80,4,Praga Południe,Właściciel,Mieszkanie
3000,37,2,Mokotów,Agencja,Mieszkanie
3500,60,4,Mokotów,Agencja,Mieszkanie
2700,40,2,Mokotów,Agencja,Mieszkanie
1650,27,1,Praga Południe,Agencja,Mieszkanie
2400,37,2,Śródmieście,Agencja,Mieszkanie
2100,54,3,Targówek,Agencja,Mieszkanie
4300,67,3,Mokotów,Agencja,Mieszkanie
2320,35,1,Mokotów,Agencja,Mieszkanie
2400,44,2,Wola,Agencja,Mieszkanie
18500,220,6,Śródmieście,Agencja,Mieszkanie
3800,61,3,Mokotów,Agencja,Mieszkanie
3200,37,2,Żoliborz,Agencja,Mieszkanie
2200,34,2,Śródmieście,Właściciel,Mieszkanie
1900,41,2,Praga Południe,Agencja,Mieszkanie
2500,57,3,Ursynów,Agencja,Mieszkanie
3500,60,2,Śródmieście,Agencja,Mieszkanie
2300,58,3,Wola,Agencja,Mieszkanie
3450,58,3,Żoliborz,Agencja,Mieszkanie
1250,20,1,Białołęka,Właściciel,Mieszkanie
3200,55,2,Wola,Agencja,Mieszkanie
2500,55,2,Targówek,Agencja,Mieszkanie
3080,61,2,Ochota,Agencja,Mieszkanie
13000,296,1,Włochy,Agencja,Mieszkanie
2400,41,2,Wola,Agencja,Mieszkanie
2200,32,1,Ursynów,Właściciel,Mieszkanie
,40,2,Wola,,Mieszkanie
2299,54,2,Wola,Agencja,Mieszkanie
3800,68,4,Wola,Agencja,Mieszkanie
2080,35,1,Mokotów,Agencja,Mieszkanie
2300,30,1,Wola,Agencja,Mieszkanie
2400,51,2,Żoliborz,Właściciel,Mieszkanie
4700,62,3,Wola,Agencja,Mieszkanie
4800,105,3,Mokotów,Agencja,Mieszkanie
2300,39,2,Targówek,Agencja,Mieszkanie
,21,1,Śródmieście,Właściciel,Mieszkanie
3700,67,3,Ochota,Agencja,Mieszkanie
4500,110,3,Praga Północ,Agencja,Mieszkanie
2690,54,2,Wola,Agencja,Mieszkanie
2900,38,2,Śródmieście,Agencja,Mieszkanie
3700,61,2,Mokotów,Agencja,Mieszkanie
2400,38,2,Śródmieście,Agencja,Mieszkanie
4250,55,2,Śródmieście,Agencja,Mieszkanie
6500,75,3,Śródmieście,Agencja,Mieszkanie
4300,90,3,Mokotów,Agencja,Mieszkanie
3300,77,3,Ursynów,Agencja,Mieszkanie
3600,70,2,Ochota,Agencja,Mieszkanie
1799,34,1,Ursynów,Agencja,Mieszkanie
2500,60,2,Mokotów,Agencja,Mieszkanie
4000,67,3,Śródmieście,Agencja,Mieszkanie
3200,36,2,Śródmieście,Agencja,Mieszkanie
2500,50,2,Mokotów,Agencja,Mieszkanie
2500,50,2,Mokotów,Właściciel,Mieszkanie
,57,3,Mokotów,Właściciel,Mieszkanie
2700,50,3,Śródmieście,Agencja,Mieszkanie
2100,50,2,Wilanów,Agencja,Mieszkanie
2800,30,2,Śródmieście,Agencja,Mieszkanie
2200,35,2,Żoliborz,Agencja,Mieszkanie
2400,40,1,Mokotów,Agencja,Mieszkanie
2200,35,1,Mokotów,Agencja,Mieszkanie
2000,30,1,Ochota,Agencja,Mieszkanie
2500,60,2,Mokotów,Agencja,Mieszkanie
5000,120,3,Śródmieście,Agencja,Mieszkanie
2200,47,2,Praga Południe,Właściciel,Mieszkanie
2350,46,2,Mokotów,Agencja,Mieszkanie
7500,160,4,Mokotów,Agencja,Mieszkanie
,20,1,Ursus,Właściciel,Mieszkanie
1900,35,1,Bemowo,Właściciel,Mieszkanie
2900,38,2,Wola,Agencja,Mieszkanie
2500,48,2,Mokotów,Agencja,Mieszkanie
2650,50,2,Praga Południe,Agencja,Mieszkanie
3300,50,2,Ochota,Agencja,Mieszkanie
3500,49,2,Ochota,Agencja,Mieszkanie
2600,44,2,Żoliborz,Agencja,Mieszkanie
2700,75,3,Targówek,Agencja,Mieszkanie
3300,46,2,Wola,Agencja,Mieszkanie
2250,40,2,Bemowo,Właściciel,Mieszkanie
3550,45,2,Śródmieście,Agencja,Mieszkanie
2000,42,2,Targówek,Agencja,Mieszkanie
2300,23,1,Ochota,Agencja,Mieszkanie
2999,80,4,Mokotów,Agencja,Mieszkanie
3500,50,2,Wola,Agencja,Mieszkanie
2500,45,2,Ursynów,Agencja,Mieszkanie
2200,59,2,Praga Północ,Agencja,Mieszkanie
2500,60,3,Mokotów,Agencja,Mieszkanie
,50,1,Mokotów,Właściciel,Mieszkanie
3400,40,2,Wola,Agencja,Mieszkanie
1950,40,2,Wola,,Mieszkanie
2100,48,2,Bielany,Właściciel,Mieszkanie
3550,52,2,Wola,Agencja,Mieszkanie
2400,38,2,Żoliborz,Agencja,Mieszkanie
4000,51,2,Śródmieście,Agencja,Mieszkanie
6000,140,5,Mokotów,Agencja,Mieszkanie
2200,45,2,Mokotów,Właściciel,Mieszkanie
3400,51,3,Śródmieście,Właściciel,Mieszkanie
2000,29,1,Wola,Agencja,Mieszkanie
3000,44,1,Wola,Agencja,Mieszkanie
4000,67,3,Śródmieście,Agencja,Mieszkanie
3900,68,3,Śródmieście,Agencja,Mieszkanie
2200,33,1,Śródmieście,Agencja,Mieszkanie
3800,63,3,Mokotów,Agencja,Mieszkanie
1850,56,2,Targówek,Agencja,Mieszkanie
3200,65,3,Ochota,Agencja,Mieszkanie
2450,54,3,Mokotów,Agencja,Mieszkanie
1700,40,2,Mokotów,Właściciel,
2180,38,2,Praga Północ,Agencja,Mieszkanie
1400,31,2,Białołęka,,Mieszkanie
4200,65,3,Mokotów,Agencja,Mieszkanie
6500,150,4,Ochota,Agencja,Mieszkanie
4500,65,2,Mokotów,Agencja,Mieszkanie
2500,70,3,Praga Południe,Właściciel,Mieszkanie
2000,50,2,Praga Południe,Agencja,Mieszkanie
4000,47,2,Śródmieście,Agencja,Mieszkanie
3200,57,2,Wola,Agencja,Mieszkanie
2000,,,Wola,Agencja,
2150,54,3,Targówek,Agencja,Mieszkanie
3500,51,2,Wola,Agencja,Mieszkanie
3800,40,2,Śródmieście,Agencja,Mieszkanie
2000,30,1,Żoliborz,Agencja,Mieszkanie
5000,87,3,Śródmieście,Agencja,Mieszkanie
2400,40,2,Śródmieście,Agencja,Mieszkanie
2500,54,2,Targówek,Agencja,Mieszkanie
2833,32,2,Mokotów,Agencja,Mieszkanie
3200,72,3,Praga Południe,Agencja,Mieszkanie
3400,62,3,Mokotów,Agencja,Mieszkanie
3500,50,2,Mokotów,Agencja,Mieszkanie
2600,46,2,Mokotów,Agencja,Mieszkanie
2500,37,1,Ochota,Agencja,Mieszkanie
2200,55,2,Ochota,Agencja,Mieszkanie
3500,56,2,Mokotów,Agencja,Mieszkanie
3650,62,2,Mokotów,Agencja,Mieszkanie
3600,42,2,Śródmieście,Agencja,Mieszkanie
3000,56,3,Mokotów,Agencja,Mieszkanie
2700,50,2,Wilanów,Właściciel,Mieszkanie
2700,45,2,Ursynów,Agencja,Mieszkanie
5000,120,4,Targówek,Agencja,Dom
2800,42,2,Żoliborz,Agencja,Mieszkanie
1650,40,2,Śródmieście,Agencja,Mieszkanie
6300,95,3,Mokotów,Agencja,Mieszkanie
3000,48,2,Wola,Agencja,Mieszkanie
3400,40,2,Śródmieście,Agencja,Mieszkanie
2800,41,2,Bemowo,Agencja,Mieszkanie
3270,42,2,Wola,Agencja,Mieszkanie
2600,57,2,Praga Południe,Agencja,Mieszkanie
2850,39,2,Śródmieście,Agencja,Mieszkanie
2750,47,2,Praga Północ,Agencja,Mieszkanie
3400,50,2,Śródmieście,Agencja,Mieszkanie
1700,41,2,Białołęka,Agencja,Mieszkanie
2300,30,1,Śródmieście,Właściciel,Mieszkanie
4500,74,3,Żoliborz,Agencja,Mieszkanie
4500,62,2,Mokotów,Agencja,Mieszkanie
1800,46,2,Praga Południe,Agencja,Mieszkanie
3860,57,2,Śródmieście,Agencja,Mieszkanie
1900,42,2,Targówek,Właściciel,Mieszkanie
2400,40,1,Śródmieście,Agencja,Mieszkanie
1400,27,1,Wola,Agencja,Mieszkanie
2200,53,2,Wola,Agencja,Mieszkanie
3250,50,2,Mokotów,Agencja,Mieszkanie
2200,37,2,Praga Południe,Agencja,Mieszkanie
9500,123,3,Mokotów,Agencja,Mieszkanie
2500,46,2,Włochy,Agencja,Mieszkanie
6500,135,5,Targówek,Agencja,Mieszkanie
3450,45,2,Wola,Agencja,Mieszkanie
3600,67,3,Wola,Agencja,Mieszkanie
5000,87,3,Wola,Agencja,Mieszkanie
2400,36,1,Praga Południe,Agencja,Mieszkanie
2900,60,2,Mokotów,Agencja,Mieszkanie
2250,51,2,Mokotów,Agencja,Mieszkanie
2500,42,2,Mokotów,Agencja,Mieszkanie
1200,32,1,Białołęka,Agencja,Mieszkanie
16000,560,6,Bemowo,Agencja,Dom
2100,39,2,Wola,Agencja,Mieszkanie
2000,33,1,Wola,Agencja,Mieszkanie
6500,82,3,Śródmieście,Agencja,Mieszkanie
3900,56,2,Wola,Agencja,Mieszkanie
3000,56,2,Mokotów,Agencja,Mieszkanie
2600,66,3,Włochy,Właściciel,Mieszkanie
2400,50,2,Mokotów,Agencja,Mieszkanie
3250,64,3,Ursynów,Agencja,Mieszkanie
2800,50,2,Mokotów,Agencja,Mieszkanie
2700,48,2,Mokotów,Agencja,Mieszkanie
1850,28,1,Wola,Właściciel,Mieszkanie
2000,37,1,Ochota,Agencja,Mieszkanie
2500,39,2,Ochota,Agencja,Mieszkanie
3000,48,2,Praga Południe,Agencja,Mieszkanie
6999,75,4,Śródmieście,Agencja,Mieszkanie
3200,52,2,Mokotów,Agencja,Mieszkanie
2500,42,2,Wola,Właściciel,Mieszkanie
5500,93,3,Śródmieście,Agencja,Mieszkanie
2600,66,3,Włochy,Agencja,Mieszkanie
3500,50,2,Wola,Agencja,Mieszkanie
2850,49,2,Śródmieście,Agencja,Mieszkanie
2500,50,2,Mokotów,Agencja,Mieszkanie
2600,38,2,Mokotów,Agencja,Mieszkanie
2500,36,1,Śródmieście,Agencja,Mieszkanie
3200,60,2,Mokotów,Agencja,Mieszkanie
8000,80,4,Śródmieście,Agencja,Mieszkanie
1300,18,1,Praga Południe,Właściciel,Mieszkanie
2800,46,2,Śródmieście,Agencja,Mieszkanie
2750,48,2,Mokotów,Agencja,Mieszkanie
4900,80,3,Śródmieście,Agencja,Mieszkanie
2200,66,3,Ursynów,Agencja,Mieszkanie
6000,105,5,Wilanów,Agencja,Mieszkanie
5700,145,4,Śródmieście,Agencja,Mieszkanie
2600,42,2,Ochota,Agencja,Mieszkanie
4900,75,3,Mokotów,Agencja,Mieszkanie
1500,30,1,Wola,Właściciel,Mieszkanie
2600,47,2,Mokotów,Właściciel,Mieszkanie
2950,60,2,Ursynów,Agencja,Mieszkanie
2750,34,2,Wola,Agencja,Mieszkanie
1300,39,2,Wola,Właściciel,Mieszkanie
4500,74,3,Wola,Agencja,Mieszkanie
3000,38,2,Żoliborz,Agencja,Mieszkanie
4500,78,3,Wola,Agencja,Mieszkanie
2400,50,2,Wola,Właściciel,Mieszkanie
2600,40,2,Mokotów,Agencja,Mieszkanie
2200,42,2,Śródmieście,Agencja,Mieszkanie
3270,42,2,Śródmieście,Agencja,Mieszkanie
4600,90,4,Praga Południe,Agencja,Mieszkanie
8500,280,6,Mokotów,Agencja,Dom
2400,50,2,Wilanów,Agencja,Mieszkanie
3000,54,2,Wola,Agencja,Mieszkanie
5000,103,5,Wilanów,Agencja,Mieszkanie
3000,85,3,Mokotów,Agencja,Mieszkanie
3000,65,3,Ursynów,Agencja,Mieszkanie
2750,50,2,Mokotów,Agencja,Mieszkanie
2500,50,2,Wola,Właściciel,Mieszkanie
3380,50,2,Wola,Agencja,Mieszkanie
3500,45,2,Wola,Agencja,Mieszkanie
1950,48,2,Mokotów,Agencja,Mieszkanie
4900,84,3,Wola,Agencja,Mieszkanie
4500,70,3,Śródmieście,Agencja,Mieszkanie
3000,45,2,Wola,Agencja,Mieszkanie
4500,96,3,Ochota,Agencja,Mieszkanie
2900,64,3,Mokotów,Agencja,Mieszkanie
,25,1,Śródmieście,Właściciel,Mieszkanie
3000,55,2,Śródmieście,Agencja,Mieszkanie
2900,60,2,Mokotów,Agencja,Mieszkanie
2800,60,2,Ochota,Agencja,Mieszkanie
2800,,2,Śródmieście,Właściciel,Mieszkanie
1200,28,1,Mokotów,Właściciel,Mieszkanie
2500,40,2,Śródmieście,Agencja,Mieszkanie
1900,30,1,Śródmieście,Agencja,Mieszkanie
2390,40,1,Praga Północ,Agencja,Mieszkanie
3500,36,2,Wola,Agencja,Mieszkanie
2200,50,2,Bielany,Agencja,Mieszkanie
3000,108,4,Targówek,Agencja,Mieszkanie
2950,47,2,Mokotów,Agencja,Mieszkanie
1600,40,2,Targówek,Właściciel,Mieszkanie
9000,93,3,Śródmieście,Agencja,Mieszkanie
2000,52,3,Żoliborz,Agencja,Mieszkanie
2700,45,2,Mokotów,Agencja,Mieszkanie
3000,56,3,Mokotów,Agencja,Mieszkanie
2300,26,1,Śródmieście,Agencja,Mieszkanie
2200,48,2,Żoliborz,Agencja,Mieszkanie
2700,47,2,Mokotów,Agencja,Mieszkanie
3500,62,3,Żoliborz,Agencja,Mieszkanie
1600,47,2,Targówek,Agencja,Mieszkanie
2700,50,3,Wola,Agencja,Mieszkanie
2950,52,2,Wola,Agencja,Mieszkanie
2500,70,3,Bemowo,Agencja,Mieszkanie
2500,65,2,Śródmieście,,Mieszkanie
2500,40,2,Mokotów,Agencja,Mieszkanie
1650,38,1,Ursynów,Agencja,Mieszkanie
2600,40,2,Wola,Agencja,Mieszkanie
3400,47,2,Wola,Agencja,Mieszkanie
3700,63,3,Ochota,Agencja,Mieszkanie
3300,55,2,Mokotów,Agencja,Mieszkanie
1900,31,1,Praga Południe,Agencja,Mieszkanie
3000,60,3,Mokotów,Agencja,Mieszkanie
2300,48,2,Śródmieście,Agencja,Mieszkanie
2800,70,3,Ursynów,Agencja,Mieszkanie
9500,170,5,Mokotów,Agencja,Dom
2100,36,2,Wola,Właściciel,Mieszkanie
3000,72,3,Praga Południe,Agencja,Mieszkanie
2500,55,2,Mokotów,Właściciel,Mieszkanie
2100,54,2,Białołęka,Agencja,Mieszkanie
3000,56,2,Mokotów,Agencja,Mieszkanie
2000,30,1,Śródmieście,Agencja,Mieszkanie
3500,40,2,Śródmieście,Agencja,Mieszkanie
1800,50,2,Bemowo,Agencja,Mieszkanie
3550,77,3,Ursynów,Agencja,Mieszkanie
3700,54,3,Żoliborz,Agencja,Mieszkanie
2000,40,2,Wola,Właściciel,Mieszkanie
1850,29,1,Mokotów,Właściciel,Mieszkanie
1900,48,2,Targówek,Agencja,Mieszkanie
2300,43,2,Mokotów,Agencja,Mieszkanie
1900,42,2,Targówek,Właściciel,Mieszkanie
2500,60,2,Mokotów,Agencja,Mieszkanie
4500,100,4,Białołęka,Agencja,Mieszkanie
6600,90,2,Wilanów,Agencja,Mieszkanie
3400,62,3,Ursynów,Agencja,Mieszkanie
1900,42,2,Targówek,Właściciel,Mieszkanie
2600,38,2,Śródmieście,Agencja,Mieszkanie
2600,48,2,Bielany,Agencja,Mieszkanie
2800,57,2,Ochota,Agencja,Mieszkanie
4900,200,6,Wawer,Agencja,Dom
4500,150,4,Wesoła,Agencja,Dom
6500,108,4,Mokotów,Agencja,Mieszkanie
7000,175,5,Praga Południe,Agencja,Mieszkanie
2300,50,2,Mokotów,Agencja,Mieszkanie
2300,44,2,Mokotów,Agencja,Mieszkanie
2700,50,2,Wilanów,Właściciel,Mieszkanie
2200,42,2,Mokotów,Agencja,Mieszkanie
2700,30,1,Praga Południe,Agencja,Mieszkanie
2400,38,2,Wola,Agencja,Mieszkanie
2300,49,3,Mokotów,Agencja,Mieszkanie
5500,100,3,Śródmieście,Agencja,Mieszkanie
1500,27,1,Targówek,Właściciel,Mieszkanie
1980,38,2,Bielany,Właściciel,Mieszkanie
3200,52,2,Śródmieście,Agencja,Mieszkanie
4800,60,3,Mokotów,Agencja,Mieszkanie
2600,50,3,Śródmieście,Agencja,Mieszkanie
2899,46,2,Mokotów,Agencja,Mieszkanie
2400,60,2,Śródmieście,Agencja,Mieszkanie
2100,38,2,Praga Południe,Właściciel,Mieszkanie
8500,200,6,Wilanów,Agencja,Dom
2600,33,2,Mokotów,Agencja,Mieszkanie
4000,61,3,Mokotów,Agencja,Mieszkanie
2200,45,2,Ursynów,Agencja,Mieszkanie
3950,49,2,Wola,Agencja,Mieszkanie
5800,113,4,Mokotów,Agencja,Mieszkanie
2200,54,2,Praga Północ,Agencja,Mieszkanie
1200,28,1,Mokotów,Właściciel,Mieszkanie
1950,41,2,Targówek,Agencja,Mieszkanie
2640,42,2,Mokotów,Agencja,Mieszkanie
1650,40,2,Śródmieście,Agencja,Mieszkanie
2900,70,3,Włochy,Agencja,Mieszkanie
2500,49,2,Ochota,Agencja,Mieszkanie
2000,52,2,Włochy,Agencja,Mieszkanie
2800,50,3,Żoliborz,Agencja,Mieszkanie
2150,50,2,Ursynów,Agencja,Mieszkanie
3800,80,3,Mokotów,Agencja,Mieszkanie
2600,37,2,Śródmieście,Agencja,Mieszkanie
2600,38,2,Wola,Agencja,Mieszkanie
1800,30,1,Ochota,Agencja,Mieszkanie
5400,75,2,Ochota,Agencja,Mieszkanie
3200,72,3,Mokotów,Agencja,Mieszkanie
2500,57,2,Bemowo,Agencja,Mieszkanie
,50,2,Bemowo,Właściciel,Mieszkanie
2700,50,2,Wilanów,Właściciel,Mieszkanie
1250,20,1,Praga Południe,Agencja,Mieszkanie
3500,75,3,Mokotów,Agencja,Mieszkanie
2900,43,2,Śródmieście,Agencja,Mieszkanie
2400,37,2,Żoliborz,Właściciel,Mieszkanie
3750,57,2,Śródmieście,Agencja,Mieszkanie
3500,49,2,Śródmieście,Agencja,Mieszkanie
2650,49,2,Żoliborz,Agencja,Mieszkanie
2900,60,2,Śródmieście,Agencja,Mieszkanie
3700,54,3,Śródmieście,Agencja,Mieszkanie
8500,295,6,Targówek,Agencja,Dom
2200,35,1,Praga Południe,Właściciel,Mieszkanie
11000,350,6,Wilanów,Agencja,Dom
2700,48,2,Mokotów,Agencja,Mieszkanie
7900,106,4,Wilanów,Agencja,Mieszkanie
3300,57,2,Wilanów,Agencja,Mieszkanie
3000,44,2,Śródmieście,Agencja,Mieszkanie
2300,36,2,Śródmieście,Agencja,Mieszkanie
5000,73,3,Mokotów,Agencja,Mieszkanie
2100,47,2,Ochota,Właściciel,Mieszkanie
2000,38,2,Wola,Agencja,Mieszkanie
1700,40,1,Praga Południe,Właściciel,Mieszkanie
2000,50,2,Mokotów,Agencja,Mieszkanie
4400,72,3,Wola,Agencja,Mieszkanie
2450,28,1,Praga Północ,Agencja,Mieszkanie
3000,45,2,Wilanów,Agencja,Mieszkanie
4500,91,3,Śródmieście,Agencja,Mieszkanie
2700,38,2,Mokotów,Agencja,Mieszkanie
2500,50,2,Mokotów,Właściciel,Mieszkanie
5000,122,4,Ursynów,Agencja,Mieszkanie
2700,50,2,Mokotów,Agencja,Mieszkanie
2000,54,2,Praga Południe,Agencja,Mieszkanie
2800,48,2,Bemowo,Agencja,Mieszkanie
2690,54,2,Wola,Agencja,Mieszkanie
4000,60,3,Mokotów,Agencja,Mieszkanie
3300,40,2,Śródmieście,Agencja,Mieszkanie
2350,42,2,Bemowo,Agencja,Mieszkanie
3790,65,3,Mokotów,Agencja,Mieszkanie
2700,80,3,Wawer,Agencja,Mieszkanie
4300,87,4,Wilanów,Agencja,Mieszkanie
2400,38,2,Mokotów,Agencja,Mieszkanie
2500,54,2,Bemowo,Agencja,Mieszkanie
5300,80,3,Śródmieście,Agencja,Mieszkanie
2100,41,2,Praga Południe,Agencja,Mieszkanie
2100,40,2,Śródmieście,Właściciel,Mieszkanie
3400,65,3,Mokotów,Agencja,Mieszkanie
3000,54,2,Wola,Agencja,Mieszkanie
2700,67,3,Praga Południe,Agencja,Mieszkanie
2700,53,2,Mokotów,Agencja,Mieszkanie
3300,41,2,Wola,Agencja,Mieszkanie
2500,50,2,Mokotów,Właściciel,Mieszkanie
6600,84,3,Śródmieście,Agencja,Mieszkanie
2800,52,2,Mokotów,Agencja,Mieszkanie
2895,30,1,Śródmieście,Agencja,Mieszkanie
3800,65,2,Śródmieście,Agencja,Mieszkanie
3000,45,2,Wola,Agencja,Mieszkanie
2290,45,2,Śródmieście,Właściciel,Mieszkanie
2200,49,2,Białołęka,Agencja,Mieszkanie
1800,31,1,Ursus,Właściciel,Mieszkanie
2900,46,2,Śródmieście,Agencja,Mieszkanie
4200,56,2,Śródmieście,Agencja,Mieszkanie
3800,62,3,Mokotów,Agencja,Mieszkanie
1900,35,2,Wola,Właściciel,
2800,64,3,Praga Południe,Agencja,Mieszkanie
2600,42,2,Mokotów,Agencja,Mieszkanie
1250,27,1,Włochy,Właściciel,Mieszkanie
,33,1,Ursus,Właściciel,Mieszkanie
3800,80,3,Śródmieście,Agencja,Mieszkanie
4500,70,2,Śródmieście,Agencja,Mieszkanie
3200,76,3,Praga Południe,Agencja,Mieszkanie
1500,46,2,Praga Południe,Agencja,Mieszkanie
6500,105,4,Śródmieście,,Mieszkanie
2400,40,2,Mokotów,Agencja,Mieszkanie
3300,41,2,Śródmieście,Agencja,Mieszkanie
3700,52,2,Śródmieście,Agencja,Mieszkanie
3200,60,3,Rembertów,Agencja,Mieszkanie
4000,85,2,Śródmieście,Agencja,Mieszkanie
6000,86,4,Wilanów,Agencja,Mieszkanie
2500,40,2,Śródmieście,Agencja,Mieszkanie
3100,50,2,Wola,Agencja,Mieszkanie
3200,58,2,Ochota,Agencja,Mieszkanie
7500,80,4,Śródmieście,Agencja,Mieszkanie
14000,420,6,Mokotów,Agencja,Dom
3700,80,3,Wola,Agencja,Mieszkanie
2700,47,2,Mokotów,Agencja,Mieszkanie
2999,60,2,Mokotów,Agencja,Mieszkanie
2900,45,2,Wilanów,Agencja,Mieszkanie
2800,50,2,Ursynów,Agencja,Mieszkanie
2700,56,2,Praga Południe,Agencja,Mieszkanie
9500,123,3,Mokotów,Agencja,Mieszkanie
1500,45,2,Bielany,Właściciel,Mieszkanie
4000,55,2,Mokotów,Agencja,Mieszkanie
2650,48,2,Mokotów,Agencja,Mieszkanie
2300,47,2,Bielany,Agencja,Mieszkanie
2500,47,2,Wola,Agencja,Mieszkanie
2900,54,3,Mokotów,Agencja,Mieszkanie
2800,53,2,Bielany,Agencja,Mieszkanie
2300,40,2,Wola,Agencja,Mieszkanie
2999,57,3,Mokotów,Właściciel,Mieszkanie
2900,50,2,Wilanów,Agencja,Mieszkanie
3200,52,2,Mokotów,Agencja,Mieszkanie
3600,44,2,Mokotów,Agencja,Mieszkanie
2250,28,1,Mokotów,Agencja,Mieszkanie
4000,55,2,Wola,Agencja,Mieszkanie
5100,78,4,Śródmieście,Agencja,Mieszkanie
2900,44,2,Żoliborz,Agencja,Mieszkanie
1850,27,1,Praga Północ,Agencja,Mieszkanie
2600,36,2,Mokotów,Agencja,Mieszkanie
3000,55,2,Mokotów,Agencja,Mieszkanie
4000,58,3,Wola,Agencja,Mieszkanie
3000,50,2,Mokotów,Agencja,Mieszkanie
5000,83,3,Śródmieście,Agencja,Mieszkanie
2900,41,2,Mokotów,Agencja,Mieszkanie
3500,90,3,Śródmieście,Agencja,Mieszkanie
2800,28,1,Wilanów,Agencja,Mieszkanie
2700,57,2,Mokotów,Agencja,Mieszkanie
5200,85,3,Ochota,Agencja,Mieszkanie
3400,47,2,Wola,Agencja,Mieszkanie
2499,66,3,Wola,Agencja,Mieszkanie
2200,47,2,Ursynów,Agencja,Mieszkanie
2450,55,2,Mokotów,Agencja,Mieszkanie
3600,68,3,Mokotów,Agencja,Mieszkanie
3200,47,2,Wola,Agencja,Mieszkanie
2700,57,2,Praga Północ,Agencja,Mieszkanie
2500,51,2,Targówek,Agencja,Mieszkanie
2500,55,2,Śródmieście,Agencja,Mieszkanie
3500,84,3,Targówek,Agencja,Mieszkanie
2000,35,1,Bemowo,Agencja,Mieszkanie
5700,91,3,Mokotów,Agencja,Mieszkanie
4950,96,4,Ochota,Agencja,Mieszkanie
15800,360,6,Wilanów,Agencja,Dom
2899,64,2,Mokotów,Agencja,Mieszkanie
2100,32,1,Wilanów,Agencja,Mieszkanie
2000,35,1,Bielany,Agencja,Mieszkanie
2200,57,2,Ursynów,Agencja,Mieszkanie
3200,67,3,Mokotów,Agencja,Mieszkanie
3900,42,2,Śródmieście,Agencja,Mieszkanie
2990,60,2,Mokotów,Agencja,Mieszkanie
2600,40,2,Wola,Agencja,Mieszkanie
3000,50,3,Bielany,Agencja,Mieszkanie
2300,36,1,Mokotów,Agencja,Mieszkanie
2200,30,2,Praga Południe,Agencja,Mieszkanie
3500,58,2,Mokotów,Agencja,Mieszkanie
6900,75,3,Śródmieście,Agencja,Mieszkanie
2800,60,2,Śródmieście,Agencja,Mieszkanie
1950,32,1,Mokotów,Właściciel,Mieszkanie
2650,44,2,Śródmieście,Agencja,Mieszkanie
2000,35,1,Mokotów,Agencja,Mieszkanie
2800,50,3,Mokotów,Agencja,Mieszkanie
7800,135,5,Targówek,Agencja,Mieszkanie
2300,43,2,Mokotów,Agencja,Mieszkanie
2500,70,,Bemowo,Właściciel,
2400,50,2,Bielany,Agencja,Mieszkanie
2600,46,2,Praga Południe,Agencja,Mieszkanie
2400,55,2,Śródmieście,Agencja,Mieszkanie
2100,30,1,Śródmieście,Agencja,Mieszkanie
2800,50,2,Mokotów,Agencja,Mieszkanie
3000,35,2,Praga Północ,Właściciel,Mieszkanie
1900,54,2,Ochota,Agencja,Mieszkanie
1750,38,2,Wola,Agencja,Mieszkanie
1500,30,2,Mokotów,Agencja,Mieszkanie
3700,85,3,Mokotów,Agencja,Mieszkanie
2100,,2,Mokotów,Agencja,Mieszkanie
4200,90,3,Mokotów,Agencja,Mieszkanie
1755,27,1,Włochy,Agencja,Mieszkanie
2500,55,2,Śródmieście,Agencja,Mieszkanie
2600,82,2,Praga Południe,Właściciel,Mieszkanie
1850,32,1,Śródmieście,Agencja,Mieszkanie
3800,75,3,Mokotów,Agencja,Mieszkanie
5000,160,5,Ursynów,Agencja,Mieszkanie
4000,56,2,Mokotów,Agencja,Mieszkanie
2400,43,2,Wilanów,Agencja,Mieszkanie
6000,78,3,Śródmieście,Agencja,Mieszkanie
3200,40,2,Śródmieście,Agencja,Mieszkanie
3900,70,3,Wola,Agencja,Mieszkanie
3400,100,4,Bielany,Agencja,Mieszkanie
3950,78,3,Wola,Agencja,Mieszkanie
2500,45,2,Wilanów,Agencja,Mieszkanie
2900,53,2,Żoliborz,Agencja,Mieszkanie
2000,60,3,Żoliborz,Agencja,Mieszkanie
4000,93,4,Praga Północ,Agencja,Mieszkanie
2200,54,2,Ursynów,Agencja,Mieszkanie
2750,53,2,Ochota,Agencja,Mieszkanie
3000,57,3,Śródmieście,Agencja,Mieszkanie
2500,48,2,Włochy,Agencja,Mieszkanie
2600,43,2,Praga Południe,Agencja,Mieszkanie
3485,48,2,Śródmieście,Agencja,Mieszkanie
2200,32,,Ursynów,Właściciel,Mieszkanie
2000,56,2,Targówek,Agencja,Mieszkanie
2200,35,1,Mokotów,Właściciel,Mieszkanie
2000,125,3,Żoliborz,Agencja,Mieszkanie
3950,87,3,Śródmieście,Agencja,Mieszkanie
3300,52,2,Włochy,Agencja,Mieszkanie
3000,52,2,Mokotów,Agencja,Mieszkanie
3400,67,3,Ursynów,Agencja,Mieszkanie
2500,48,2,Śródmieście,Agencja,Mieszkanie
3500,58,3,Wola,Właściciel,Mieszkanie
16000,400,5,Bielany,Agencja,Dom
3300,55,2,Mokotów,Agencja,Mieszkanie
2000,94,3,Żoliborz,Agencja,Mieszkanie
4300,79,3,Wola,Agencja,Mieszkanie
2300,55,2,Ochota,Agencja,Mieszkanie
1900,45,2,Ochota,Agencja,Mieszkanie
3600,65,3,Mokotów,Agencja,Mieszkanie
2400,42,2,Bemowo,Agencja,Mieszkanie
2300,50,2,Wilanów,Agencja,Mieszkanie
2200,50,2,Mokotów,Agencja,Mieszkanie
2100,53,2,Mokotów,Agencja,Mieszkanie
3500,45,2,Wola,Agencja,Mieszkanie
3450,54,3,Mokotów,Agencja,Mieszkanie
3700,60,2,Wola,Agencja,Mieszkanie
3800,48,2,Śródmieście,Agencja,Mieszkanie
2800,62,3,Bemowo,Agencja,Mieszkanie
3800,49,2,Wola,Agencja,Mieszkanie
4500,114,4,Mokotów,Agencja,Mieszkanie
2300,32,1,Wola,Agencja,Mieszkanie
4500,111,3,Ochota,Agencja,Mieszkanie
2700,48,2,Mokotów,Agencja,Mieszkanie
2900,60,2,Mokotów,Agencja,Mieszkanie
2700,38,2,Wola,Agencja,Mieszkanie
3500,70,3,Mokotów,Agencja,Mieszkanie
2400,28,1,Śródmieście,Agencja,Mieszkanie
3200,55,2,Mokotów,Agencja,Mieszkanie
2000,30,1,Śródmieście,Agencja,Mieszkanie
6800,88,3,Mokotów,Agencja,Mieszkanie
2600,56,2,Mokotów,Agencja,Mieszkanie
2900,50,2,Mokotów,Agencja,Mieszkanie
2800,45,2,Mokotów,Agencja,Mieszkanie
5300,64,2,Śródmieście,Agencja,Mieszkanie
4500,60,2,Mokotów,Agencja,Mieszkanie
3500,48,2,Śródmieście,Agencja,Mieszkanie
3000,38,2,Śródmieście,Agencja,Mieszkanie
2200,50,2,Ursynów,Agencja,Mieszkanie
2800,64,2,Ursynów,Agencja,Mieszkanie
1700,17,1,Żoliborz,Właściciel,Mieszkanie
3500,85,3,Śródmieście,Agencja,Mieszkanie
3270,42,2,Wola,Agencja,Mieszkanie
2200,54,3,Targówek,Właściciel,Mieszkanie
1850,21,1,Śródmieście,Agencja,Mieszkanie
2900,67,3,Mokotów,Agencja,Mieszkanie
729000,86,3,Ochota,Agencja,Mieszkanie
3000,50,2,Ochota,Agencja,Mieszkanie
8200,115,4,Wilanów,Agencja,Mieszkanie
2900,76,3,Ursynów,Agencja,Mieszkanie
2500,50,2,Wola,Agencja,Mieszkanie
2800,54,3,Targówek,Agencja,Mieszkanie
2500,52,2,Mokotów,Agencja,Mieszkanie
4000,86,3,Śródmieście,Agencja,Mieszkanie
3300,80,3,Ursynów,,Mieszkanie
3500,60,2,Mokotów,Agencja,Mieszkanie
3000,48,2,Mokotów,Agencja,Mieszkanie
2750,54,1,Mokotów,Agencja,Mieszkanie
2000,50,2,Targówek,Agencja,Mieszkanie
2500,65,3,Mokotów,Agencja,Mieszkanie
2400,39,2,Bielany,Agencja,Mieszkanie
2500,36,2,Mokotów,Agencja,Mieszkanie
2000,26,1,Śródmieście,Agencja,Mieszkanie
3300,78,2,Mokotów,Agencja,Mieszkanie
2599,55,2,Bielany,Agencja,Mieszkanie
2500,49,3,Mokotów,Agencja,Mieszkanie
1690,24,1,Śródmieście,Agencja,Mieszkanie
535000,63,3,Praga Północ,Agencja,Mieszkanie
5000,120,3,Targówek,Agencja,Dom
3950,80,3,Mokotów,Agencja,Mieszkanie
2500,55,2,Praga Północ,Właściciel,Mieszkanie
2400,52,2,Mokotów,Agencja,Mieszkanie
4800,90,3,Mokotów,Agencja,Mieszkanie
5800,93,3,Żoliborz,Agencja,Mieszkanie
2300,36,1,Śródmieście,Agencja,Mieszkanie
1400,28,1,Targówek,Agencja,Mieszkanie
1700,31,1,Mokotów,Właściciel,Mieszkanie
7500,94,3,Śródmieście,Agencja,Mieszkanie
1999,30,1,Wola,Agencja,Mieszkanie
2600,68,3,Bemowo,Agencja,Mieszkanie
5900,56,2,Śródmieście,Agencja,Mieszkanie
2100,45,2,Wola,Agencja,Mieszkanie
2400,38,2,Wola,Agencja,Mieszkanie
1800,40,2,Ochota,,Mieszkanie
12000,350,6,Wilanów,Agencja,Mieszkanie
2800,41,2,Żoliborz,Agencja,Mieszkanie
3700,53,2,Wola,Agencja,Mieszkanie
3100,53,2,Praga Południe,Agencja,Mieszkanie
2600,46,2,Śródmieście,Agencja,Mieszkanie
1700,38,2,Praga Południe,Właściciel,Mieszkanie
3900,75,3,Mokotów,Agencja,Mieszkanie
2100,33,1,Ursynów,Agencja,Mieszkanie
3500,70,2,Śródmieście,Agencja,Mieszkanie
4500,64,2,Śródmieście,Agencja,Mieszkanie
2800,50,3,Mokotów,Agencja,Mieszkanie
650,20,3,Ursynów,Właściciel,Mieszkanie
3450,54,2,Mokotów,Agencja,Mieszkanie
2500,50,2,Ursynów,Agencja,Mieszkanie
2500,62,2,Targówek,Agencja,Mieszkanie
2300,38,2,Mokotów,Agencja,Mieszkanie
11000,100,4,Wola,Agencja,Mieszkanie
3400,47,2,Śródmieście,Agencja,Mieszkanie
2400,64,2,Ursynów,Agencja,Mieszkanie
3600,60,2,Mokotów,Agencja,Mieszkanie
2100,45,2,Mokotów,Właściciel,Mieszkanie
3600,66,3,Wola,Agencja,Mieszkanie
2000,42,2,Targówek,Agencja,Mieszkanie
2600,62,2,Włochy,Agencja,Mieszkanie
2870,36,2,Mokotów,Agencja,Mieszkanie
2200,48,2,Ursynów,Agencja,Mieszkanie
2800,54,2,Praga Południe,Agencja,Mieszkanie
2900,54,2,Praga Południe,Agencja,Mieszkanie
2150,50,2,Wola,Agencja,Mieszkanie
1650,41,2,Targówek,Agencja,Mieszkanie
6000,93,3,Śródmieście,Agencja,Mieszkanie
2700,57,2,Praga Południe,Agencja,Mieszkanie
3200,58,2,Mokotów,Agencja,Mieszkanie
2700,45,2,Ochota,Agencja,Mieszkanie
3300,80,3,Mokotów,Agencja,Mieszkanie
2950,60,2,Ursynów,Agencja,Mieszkanie
1900,45,2,Targówek,Agencja,Mieszkanie
2500,53,2,Mokotów,Agencja,Mieszkanie
3900,60,2,Mokotów,Agencja,Mieszkanie
3000,47,2,Mokotów,Agencja,Mieszkanie
3900,70,2,Śródmieście,Agencja,Mieszkanie
5000,86,3,Śródmieście,Agencja,Mieszkanie
2200,45,2,Mokotów,Agencja,Mieszkanie
2500,51,2,Włochy,Agencja,Mieszkanie
2200,38,2,Praga Południe,Agencja,Mieszkanie
4500,71,3,Mokotów,Agencja,Mieszkanie
2300,40,2,Ochota,Agencja,Mieszkanie
4950,61,2,Mokotów,Agencja,Mieszkanie
2600,56,2,Ursynów,Agencja,Mieszkanie
6000,94,3,Śródmieście,Agencja,Mieszkanie
2900,40,2,Śródmieście,Agencja,Mieszkanie
6500,85,3,Mokotów,Agencja,Mieszkanie
2800,80,2,Ochota,Agencja,Mieszkanie
2400,37,2,Praga Południe,Agencja,Mieszkanie
2600,37,2,Wola,Agencja,Mieszkanie
2500,65,3,Wola,Agencja,Mieszkanie
2150,34,1,Wola,Agencja,Mieszkanie
3500,49,2,Mokotów,Agencja,Mieszkanie
2900,54,2,Wola,Agencja,Mieszkanie
1700,33,1,Praga Południe,Właściciel,Mieszkanie
2700,55,2,Wola,Agencja,Mieszkanie
2500,41,2,Praga Południe,Agencja,Mieszkanie
5500,100,3,Mokotów,Agencja,Mieszkanie
2400,56,2,Bielany,Agencja,Mieszkanie
2800,48,2,Śródmieście,Agencja,Mieszkanie
2600,48,2,Mokotów,Agencja,Mieszkanie
2600,44,2,Wola,Agencja,Mieszkanie
3500,48,2,Żoliborz,Agencja,Mieszkanie
3900,95,4,Białołęka,Agencja,Mieszkanie
2900,40,2,Mokotów,Agencja,Mieszkanie
2500,48,2,Wola,Agencja,Mieszkanie
5000,73,2,Śródmieście,Agencja,Mieszkanie
2500,40,2,Śródmieście,Agencja,Mieszkanie
2550,33,1,Mokotów,Agencja,Mieszkanie
2500,46,2,Mokotów,Agencja,Mieszkanie
2000,49,1,Ursynów,Agencja,Mieszkanie
2850,41,2,Śródmieście,Agencja,Mieszkanie
8000,79,3,Śródmieście,Agencja,Mieszkanie
2600,50,2,Praga Południe,Agencja,Mieszkanie
2700,62,2,Ursynów,Agencja,Mieszkanie
3400,62,3,Ursynów,Agencja,Mieszkanie
2700,45,2,Ursynów,Agencja,Mieszkanie
6000,75,2,Śródmieście,Agencja,Mieszkanie
2390,41,2,Mokotów,Agencja,Mieszkanie
3000,80,3,Śródmieście,Agencja,Mieszkanie
2990,80,4,Mokotów,Agencja,Mieszkanie
2900,48,2,Żoliborz,Agencja,Mieszkanie
3100,50,2,Wola,Agencja,Mieszkanie
2300,43,2,Wilanów,Agencja,Mieszkanie
2950,46,2,Mokotów,Agencja,Mieszkanie
5000,90,3,Mokotów,Agencja,Mieszkanie
8000,80,4,Wola,Agencja,Mieszkanie
1500,25,1,Mokotów,Agencja,Mieszkanie
5300,80,3,Mokotów,Agencja,Mieszkanie
3500,61,2,Mokotów,Agencja,Mieszkanie
2700,69,3,Bielany,Agencja,Mieszkanie
1700,29,1,Ochota,Właściciel,Mieszkanie
3000,57,2,Wilanów,Agencja,Mieszkanie
11000,147,4,Śródmieście,Agencja,Mieszkanie
3500,60,3,Mokotów,Agencja,Mieszkanie
2500,70,3,Śródmieście,,Mieszkanie
1950,33,1,Ursynów,Agencja,Mieszkanie
2850,48,2,Śródmieście,Agencja,Mieszkanie
3000,60,2,Mokotów,Agencja,Mieszkanie
3600,55,2,Wilanów,Agencja,Mieszkanie
2500,50,2,Mokotów,Właściciel,Mieszkanie
8300,156,4,Mokotów,Agencja,Mieszkanie
3900,75,3,Wola,Agencja,Mieszkanie
4500,63,3,Śródmieście,Agencja,Mieszkanie
2900,42,2,Ochota,Właściciel,Mieszkanie
2300,37,2,Białołęka,Agencja,Mieszkanie
2900,47,2,Wola,Agencja,Mieszkanie
2000,33,1,Praga Północ,Agencja,Mieszkanie
1900,32,1,Ursynów,Agencja,Mieszkanie
4500,80,3,Śródmieście,Agencja,Mieszkanie
3000,90,4,Mokotów,Agencja,Mieszkanie
3700,74,3,Mokotów,Agencja,Mieszkanie
2150,30,1,Wola,Agencja,Mieszkanie
2700,37,2,Wola,Agencja,Mieszkanie
3200,67,3,Wola,Agencja,Mieszkanie
2800,39,2,Wola,Agencja,Mieszkanie
25450,42,2,Mokotów,Agencja,Mieszkanie
2799,55,2,Praga Południe,Agencja,Mieszkanie
2200,37,2,Wola,Agencja,Mieszkanie
2500,40,2,Śródmieście,Agencja,Mieszkanie
2700,65,3,Ursynów,Agencja,Mieszkanie
5500,86,3,Śródmieście,Agencja,Mieszkanie
2500,48,2,Mokotów,Agencja,Mieszkanie
4000,105,4,Ursynów,Agencja,Mieszkanie
3500,51,2,Wola,Agencja,Mieszkanie
2300,50,3,Ochota,Agencja,Mieszkanie
4000,140,4,Wesoła,Agencja,Mieszkanie
2000,40,2,Wola,Właściciel,Mieszkanie
3000,85,3,Mokotów,Agencja,Mieszkanie
3100,53,2,Mokotów,Agencja,Mieszkanie
28000,850,6,Włochy,Właściciel,Dom
3000,53,2,Mokotów,Agencja,Mieszkanie
3000,63,2,Mokotów,Agencja,Mieszkanie
2200,51,2,Praga Południe,Agencja,Mieszkanie
2000,47,3,Śródmieście,Agencja,Mieszkanie
3500,45,2,Wola,Agencja,Mieszkanie
2500,53,2,Mokotów,Agencja,Mieszkanie
4300,50,2,Śródmieście,Agencja,Mieszkanie
2000,40,2,Praga Południe,Agencja,Mieszkanie
2000,50,2,Ochota,Agencja,Mieszkanie
8000,126,4,Wola,Agencja,Mieszkanie
2500,40,2,Wola,Agencja,Mieszkanie
2600,50,2,Ursynów,Agencja,Mieszkanie
5600,80,3,Śródmieście,Agencja,Mieszkanie
1800,28,1,Mokotów,Agencja,Mieszkanie
3700,63,2,Mokotów,Agencja,Mieszkanie
2500,40,2,Śródmieście,Agencja,Mieszkanie
4400,70,3,Śródmieście,Agencja,Mieszkanie
3000,65,3,Ursynów,Agencja,Mieszkanie
1600,37,1,Żoliborz,Agencja,Mieszkanie
2500,40,2,Mokotów,Agencja,Mieszkanie
3400,55,2,Mokotów,Agencja,Mieszkanie
2800,32,2,Mokotów,Agencja,Mieszkanie
2400,30,2,Praga Południe,Agencja,Mieszkanie
,40,2,Ursynów,Agencja,Mieszkanie
2300,51,2,Mokotów,Agencja,Mieszkanie
2500,42,2,Wola,Agencja,Mieszkanie
1950,32,1,Mokotów,Agencja,Mieszkanie
5200,82,3,Śródmieście,Agencja,Mieszkanie
4500,62,2,Mokotów,Agencja,Mieszkanie
1400,25,1,Praga Południe,Właściciel,Mieszkanie
3900,60,3,Śródmieście,Agencja,Mieszkanie
